name,v_nom,x,y,v_mag_pu_set,control,generator,sub_network,psse_name,station,psse_type,area,zone,jurisdiction,v_ang_psse
1021,110.0,,,1.07114,PQ,10271-1,0,ARDNACRUSHA,ARDNACRUSHA,1.0,4.0,4.0,IE,0.3855
1041,110.0,,,1.06492,PQ,,0,AGHADA,AGHADA,1.0,10.0,10.0,IE,9.1349
1042,220.0,,,1.06,PQ,,0,AGHADA,AGHADA,1.0,10.0,10.0,IE,13.7731
1052,220.0,,,1.06,PQ,10472-11,0,AGHADA_B,AGHADA_B,1.0,10.0,10.0,IE,13.7731
1061,110.0,,,1.11127,PQ,,0,ARIGNA,ARIGNA,1.0,1.0,1.0,IE,-13.1098
1062,220.0,,,1.06,PQ,10474-14,0,AGH_AT14,AGH_AT14,1.0,10.0,10.0,IE,13.7731
1071,110.0,,,1.08611,PQ,,0,AGANNYGAL,AGANNYGAL,1.0,4.0,4.0,IE,-1.084
1072,220.0,,,1.05995,PQ,,0,AGHT2102,AGHT2102,1.0,10.0,10.0,IE,13.7505
1081,110.0,,,1.06966,PQ,,0,AHANE,AHANE,1.0,8.0,8.0,IE,1.0203
1091,110.0,,,1.0545,PQ,,0,ADAMSTOWN,ADAMSTOWN,1.0,11.0,11.0,IE,-9.2247
1101,110.0,,,1.0617,PQ,,0,ANNER,ANNER,1.0,8.0,8.0,IE,-2.065
1121,110.0,,,1.06824,PQ,,0,ARKLOW,ARKLOW,1.0,9.0,9.0,IE,-4.3123
1122,220.0,,,1.05964,PQ,,0,ARKLOW,ARKLOW,1.0,9.0,9.0,IE,-2.2377
1131,110.0,,,1.09236,PQ,,0,ATHEA,ATHEA,1.0,5.0,5.0,IE,4.7469
1141,110.0,,,1.11155,PQ,,0,ATHLONE,ATHLONE,1.0,3.0,3.0,IE,-5.6895
1161,110.0,,,1.05,PQ,,0,AUGHINISH,AUGHINISH,1.0,5.0,5.0,IE,5.2788
1181,110.0,,,1.0755,PQ,,0,ARVA,ARVA,1.0,7.0,7.0,IE,-14.083
1201,110.0,,,1.0577,PQ,,0,ARTANE,ARTANE,1.0,11.0,11.0,IE,-5.4065
1211,110.0,,,1.05,PQ,12101-XX,0,BALLYVOUSKIL,BALLYVOUSKIL,1.0,5.0,5.0,IE,6.7548
1212,220.0,,,1.0621,PQ,,0,BALLYVOUSKIL,BALLYVOUSKIL,1.0,5.0,5.0,IE,6.7535
1221,110.0,,,1.04903,PQ,,0,ATHY,ATHY,1.0,11.0,11.0,IE,-5.5909
1231,110.0,,,1.07199,PQ,,0,BALLYWATER,BALLYWATER,1.0,9.0,9.0,IE,-2.947
1251,110.0,,,1.08593,PQ,,0,BOOLTIAGH,BOOLTIAGH,1.0,4.0,4.0,IE,0.3591
1271,110.0,,,1.04784,PQ,,0,BALTRASNA,BALTRASNA,1.0,7.0,7.0,IE,-9.5777
1281,110.0,,,1.06049,PQ,,0,BALLYLICKEY,BALLYLICKEY,1.0,6.0,6.0,IE,3.9018
1301,110.0,,,1.06382,PQ,,0,BALLYBEG,BALLYBEG,1.0,9.0,9.0,IE,-5.2456
1311,110.0,,,1.05189,PQ,,0,CORDAL,CORDAL,1.0,5.0,5.0,IE,6.1889
1321,110.0,,,1.04744,PQ,13271-1,0,BLAKE,BLAKE,1.0,11.0,11.0,IE,-7.8502
1331,110.0,,,1.06126,PQ,,0,BLUNDELSTOWN,BLUNDELSTOWN,1.0,11.0,11.0,IE,-8.3992
1341,110.0,,,1.0841,PQ,13434-10,0,BINBANE,BINBANE,1.0,1.0,1.0,IE,-19.8123
1351,110.0,,,1.05099,PQ,,0,BARODA,BARODA,1.0,11.0,11.0,IE,-8.0025
1361,110.0,,,1.0568,PQ,,0,BALLYDINE,BALLYDINE,1.0,8.0,8.0,IE,-1.4674
1371,110.0,,,1.05027,PQ,,0,BARNAGEERAGH,BARNAGEERAGH,1.0,11.0,11.0,IE,-7.9021
1381,110.0,,,1.06307,PQ,,0,BARNAHELY,BARNAHELY,1.0,10.0,10.0,IE,8.1194
1401,110.0,,,1.17834,PQ,,0,BELLACORICK,BELLACORICK,1.0,2.0,2.0,IE,-15.4333
1411,110.0,,,1.06648,PQ,,0,AIRTON,AIRTON,1.0,11.0,11.0,IE,-7.7209
1421,110.0,,,1.06377,PQ,,0,BLACKROCK,BLACKROCK,1.0,11.0,11.0,IE,-9.1648
1431,110.0,,,1.05091,PQ,,0,BALLYRAGGET,BALLYRAGGET,1.0,9.0,9.0,IE,-6.0675
1441,110.0,,,1.06379,PQ,,0,BANDON,BANDON,1.0,6.0,6.0,IE,5.0242
1451,110.0,,,1.05031,PQ,,0,CLOGHRAN,CLOGHRAN,1.0,11.0,11.0,IE,-7.8945
1461,110.0,,,1.05724,PQ,,0,BARRYMORE,BARRYMORE,1.0,8.0,8.0,IE,3.69
1471,110.0,,,1.04889,PQ,,0,BELCAMP,BELCAMP,1.0,11.0,11.0,IE,-6.2051
1472,220.0,,,1.05954,PQ,,0,BELCAMP,BELCAMP,1.0,11.0,11.0,IE,-2.2955
1481,110.0,,,1.05307,PQ,,0,BUTLERSTOWN,BUTLERSTOWN,1.0,12.0,12.0,IE,-0.3921
1491,110.0,,,1.0472,PQ,,0,DEENES,DEENES,1.0,7.0,7.0,IE,-10.4496
1501,110.0,,,1.06368,PQ,,0,BRINNY,BRINNY,1.0,6.0,6.0,IE,5.0161
1511,110.0,,,1.09435,PQ,,0,CLOGHBOOLA,CLOGHBOOLA,1.0,5.0,5.0,IE,4.716
1521,110.0,,,1.06278,PQ,,0,BOGTOWN,BOGTOWN,1.0,11.0,11.0,IE,-6.3914
1522,220.0,,,1.06158,PQ,,0,CLONEE,CLONEE,1.0,11.0,11.0,IE,-2.5325
1531,110.0,,,1.05528,PQ,,0,BALLYADAM,BALLYADAM,1.0,9.0,9.0,IE,7.2996
1541,110.0,,,1.06888,PQ,,0,BANOGE,BANOGE,1.0,9.0,9.0,IE,-3.7336
1551,110.0,,,1.0654,PQ,,0,BOGGERAGH,BOGGERAGH,1.0,5.0,5.0,IE,5.8063
1561,110.0,,,1.05441,PQ,,0,COOLDERRIG,COOLDERRIG,1.0,11.0,11.0,IE,-9.3056
1571,110.0,,,1.07477,PQ,,0,ARDNAGAPPARY,ARDNAGAPPARY,1.0,1.0,1.0,IE,-21.563
1581,110.0,,,1.0571,PQ,,0,CABRA,CABRA,1.0,11.0,11.0,IE,-5.451
1601,110.0,,,1.06459,PQ,,0,CLASHAVOON,CLASHAVOON,1.0,5.0,5.0,IE,5.8151
1602,220.0,,,1.06091,PQ,,0,CLASHAVOON,CLASHAVOON,1.0,5.0,5.0,IE,7.3633
1611,110.0,,,1.06735,PQ,,0,CLONKEEN,CLONKEEN,1.0,5.0,5.0,IE,3.1422
1621,110.0,,,1.05936,PQ,,0,COOLROE,COOLROE,1.0,10.0,10.0,IE,6.0046
1631,110.0,,,1.11803,PQ,,0,CORDERRY,CORDERRY,1.0,1.0,1.0,IE,-13.6194
1641,110.0,,,1.12804,PQ,,0,CASHLA,CASHLA,1.0,2.0,2.0,IE,-4.5863
1642,220.0,,,1.09378,PQ,,0,CASHLA,CASHLA,1.0,2.0,2.0,IE,-1.336
1651,110.0,,,1.09572,PQ,,0,CLAHANE,CLAHANE,1.0,5.0,5.0,IE,1.3133
1661,110.0,,,1.17227,PQ,,0,CASTLEBAR,CASTLEBAR,1.0,2.0,2.0,IE,-13.516
1671,110.0,,,1.06,PQ,,0,KILCUMBER,KILCUMBER,1.0,11.0,11.0,IE,-5.0502
1681,110.0,,,1.06332,PQ,16873-3,0,CARRIGADROHI,CARRIGADROHI,1.0,6.0,6.0,IE,5.8036
1691,110.0,,,1.06117,PQ,,0,CENTRAL PARK,CENTRAL PARK,1.0,11.0,11.0,IE,-5.985
1701,110.0,,,1.08705,PQ,17073-3,0,CATH_FALL,CATH_FALL,1.0,1.0,1.0,IE,-17.3035
1711,110.0,,,1.05482,PQ,,0,CROMCASTLE,CROMCASTLE,1.0,11.0,11.0,IE,-6.8209
1721,110.0,,,1.07176,PQ,,0,CAHIR,CAHIR,1.0,8.0,8.0,IE,-1.6735
1731,110.0,,,1.05482,PQ,,0,CROMCASTLE,CROMCASTLE,1.0,11.0,11.0,IE,-6.8209
1741,110.0,,,1.06114,PQ,,0,CARRICKMINES,CARRICKMINES,1.0,11.0,11.0,IE,-5.9397
1742,220.0,,,1.06031,PQ,,0,CARRICKMINES,CARRICKMINES,1.0,11.0,11.0,IE,-3.9125
1761,110.0,,,1.08688,PQ,17671-1,0,CLIFF,CLIFF,1.0,1.0,1.0,IE,-17.1056
1781,110.0,,,1.04949,PQ,,0,CASTLEFARM,CASTLEFARM,1.0,5.0,5.0,IE,5.2598
1801,110.0,,,1.05815,PQ,,0,COOKSTOWN,COOKSTOWN,1.0,11.0,11.0,IE,-5.9261
1810,110.0,,,1.04855,PQ,,0,DARNDALE,DARNDALE,1.0,11.0,11.0,IE,-6.2685
1811,110.0,,,1.05684,PQ,,0,CLUTTERLAND,CLUTTERLAND,1.0,11.0,11.0,IE,-7.0188
1821,110.0,,,1.13359,PQ,,0,CLOON,CLOON,1.0,2.0,2.0,IE,-8.0365
1831,110.0,,,1.13152,PQ,,0,SCREEB,SCREEB,1.0,2.0,2.0,IE,-7.3703
1841,110.0,,,1.07027,PQ,,0,CRANE,CRANE,1.0,9.0,9.0,IE,-2.9155
1851,110.0,,,1.06037,PQ,,0,CHERRYWOOD,CHERRYWOOD,1.0,11.0,11.0,IE,-6.0322
1861,110.0,,,1.102,PQ,,0,CARRICK ON S,CARRICK ON S,1.0,3.0,3.0,IE,-12.1959
1871,110.0,,,1.05104,PQ,,0,COLLEGE PARK,COLLEGE PARK,1.0,11.0,11.0,IE,-7.8259
1881,110.0,,,1.05317,PQ,,0,CHARLEVILLE,CHARLEVILLE,1.0,5.0,5.0,IE,1.4765
1901,110.0,,,1.05808,PQ,,0,CARLOW,CARLOW,1.0,9.0,9.0,IE,-4.4507
1921,110.0,,,1.06132,PQ,,0,COW CROSS,COW CROSS,1.0,10.0,10.0,IE,7.9236
1931,110.0,,,1.14543,PQ,19317-XX,0,CUNGHILL,CUNGHILL,1.0,2.0,2.0,IE,-15.2674
1941,110.0,,,1.06,PQ,19471-1,0,CUSHALING,CUSHALING,1.0,11.0,11.0,IE,-5.0501
1951,110.0,,,1.16821,PQ,,0,CARROWBEG,CARROWBEG,1.0,2.0,2.0,IE,-14.0966
1961,110.0,,,1.0571,PQ,,0,CASTLEVIEW,CASTLEVIEW,1.0,10.0,10.0,IE,7.0125
1971,110.0,,,1.05186,PQ,,0,COOMAGEARLAH,COOMAGEARLAH,1.0,5.0,5.0,IE,6.6755
1981,110.0,,,1.06862,PQ,,0,CORRACLASSY,CORRACLASSY,1.0,1.0,1.0,IE,-16.2049
1991,110.0,,,1.0711,PQ,,0,CASTLEDOCKRE,CASTLEDOCKRE,1.0,9.0,9.0,IE,-2.1806
2001,110.0,,,1.05717,PQ,,0,CULLENAGH,CULLENAGH,1.0,12.0,12.0,IE,0.4529
2002,220.0,,,1.05639,PQ,,0,CULLENAGH,CULLENAGH,1.0,12.0,12.0,IE,4.5804
2021,110.0,,,1.03844,PQ,,0,CITY WEST,CITY WEST,1.0,11.0,11.0,IE,-10.3417
2041,110.0,,,1.05112,PQ,,0,CORDUFF,CORDUFF,1.0,11.0,11.0,IE,-7.7731
2042,220.0,,,1.05911,PQ,,0,CORDUFF,CORDUFF,1.0,11.0,11.0,IE,-2.1662
2052,220.0,,,1.05911,PQ,,0,CORDUFFB,CORDUFFB,1.0,11.0,11.0,IE,-2.1662
2072,220.0,,,1.05873,PQ,20771-1,0,CRUISERATH,CRUISERATH,1.0,11.0,11.0,IE,-2.1281
2090,110.0,,,1.13548,PQ,,0,KNOCKRANNY A,KNOCKRANNY A,1.0,2.0,2.0,IE,-5.6024
2091,110.0,,,1.13643,PQ,,0,KNOCKRANNY,KNOCKRANNY,1.0,2.0,2.0,IE,-6.3821
2101,110.0,,,1.06593,PQ,,0,DUNDALK,DUNDALK,1.0,7.0,7.0,IE,-11.1886
2111,110.0,,,1.13557,PQ,,0,UGGOOL,UGGOOL,1.0,2.0,2.0,IE,-5.6032
2121,110.0,,,1.07874,PQ,,0,DRUMLINE,DRUMLINE,1.0,4.0,4.0,IE,-1.162
2131,110.0,,,1.09255,PQ,,0,DROMADA,DROMADA,1.0,5.0,5.0,IE,4.7448
2141,110.0,,,1.0468,PQ,,0,DUNGARVAN,DUNGARVAN,1.0,12.0,12.0,IE,1.5508
2161,110.0,,,1.06255,PQ,,0,DOON,DOON,1.0,8.0,8.0,IE,-2.0268
2171,110.0,,,1.13734,PQ,,0,KNOCKALOUGH,KNOCKALOUGH,1.0,2.0,2.0,IE,-6.3904
2181,110.0,,,1.04672,PQ,,0,DRYBRIDGE,DRYBRIDGE,1.0,7.0,7.0,IE,-11.2233
2202,220.0,,,1.05762,PQ,,0,DUNSTOWN,DUNSTOWN,1.0,11.0,11.0,IE,-2.5291
2204,380.0,,,1.0493,PQ,,0,DUNSTOWN,DUNSTOWN,1.0,11.0,11.0,IE,-0.4115
2221,110.0,,,1.06426,PQ,,0,DUNMANWAY,DUNMANWAY,1.0,6.0,6.0,IE,4.5678
2225,110.0,,,1.06426,PQ,,0,DUNMANWAY,DUNMANWAY,1.0,6.0,6.0,IE,4.5678
2231,110.0,,,1.08615,PQ,,0,DERRYBRIEN,DERRYBRIEN,1.0,4.0,4.0,IE,-1.085
2241,110.0,,,1.07201,PQ,,0,DALLOW,DALLOW,1.0,8.0,8.0,IE,-1.9828
2251,110.0,,,1.05546,PQ,,0,DARDISTOWN,DARDISTOWN,1.0,11.0,11.0,IE,-6.7837
2261,110.0,,,1.06327,PQ,,0,DERRYIRON,DERRYIRON,1.0,11.0,11.0,IE,-8.443
2281,110.0,,,1.16061,PQ,,0,DALTON_A1,DALTON_A1,1.0,2.0,2.0,IE,-11.6731
2301,110.0,,,1.05968,PQ,,0,DUNFIRTH,DUNFIRTH,1.0,11.0,11.0,IE,-8.5224
2321,110.0,,,1.08457,PQ,,0,DRUMKEEN,DRUMKEEN,1.0,1.0,1.0,IE,-21.9842
2361,110.0,,,1.0855,PQ,,0,ENNIS,ENNIS,1.0,4.0,4.0,IE,-1.6791
2391,110.0,,,1.0645,PQ,,0,KILL HILL,KILL HILL,1.0,8.0,8.0,IE,-2.2826
2401,110.0,,,1.06199,PQ,,0,MOUNT LUCAS,MOUNT LUCAS,1.0,11.0,11.0,IE,-6.371
2421,110.0,,,1.05672,PQ,,0,CORKAGH,CORKAGH,1.0,11.0,11.0,IE,-7.0426
2481,110.0,,,1.05496,PQ,,0,FASS EAST,FASS EAST,1.0,11.0,11.0,IE,-6.0957
2491,110.0,,,1.05516,PQ,,0,FASS WEST,FASS WEST,1.0,11.0,11.0,IE,-6.0763
2521,110.0,,,1.1034,PQ,,0,FLAGFORD,FLAGFORD,1.0,2.0,2.0,IE,-11.949
2522,220.0,,,1.08799,PQ,,0,FLAGFORD,FLAGFORD,1.0,2.0,2.0,IE,-8.5311
2541,110.0,,,1.0653,PQ,,0,FRN ST A,FRN ST A,1.0,11.0,11.0,IE,-9.1681
2551,110.0,,,1.06721,PQ,,0,FRN ST B,FRN ST B,1.0,11.0,11.0,IE,-7.6533
2561,110.0,,,1.05885,PQ,,0,FIN_URBAN,FIN_URBAN,1.0,11.0,11.0,IE,-5.228
2562,220.0,,,1.06,PQ,,0,FINGLAS,FINGLAS,1.0,11.0,11.0,IE,-2.2057
2563,220.0,,,1.06,PQ,,0,FINGLAS220B,FINGLAS220,1.0,11.0,11.0,IE,-2.2057
2571,110.0,,,1.05599,PQ,,0,FIN_RURAL,FIN_RURAL,1.0,11.0,11.0,IE,-6.5815
2581,110.0,,,1.05129,PQ,,0,FINGLAS B5,FINGLAS B5,1.0,11.0,11.0,IE,-7.8296
2591,110.0,,,1.03751,PQ,,0,FORTUNESTOWN,FORTUNESTOWN,1.0,11.0,11.0,IE,-10.366
2671,110.0,,,1.12199,PQ,,0,GARVAGH,GARVAGH,1.0,1.0,1.0,IE,-13.6599
2681,110.0,,,1.10573,PQ,,0,GILRA,GILRA,1.0,3.0,3.0,IE,-12.2398
2691,110.0,,,1.04677,PQ,,0,GARBALLAGH,GARBALLAGH,1.0,7.0,7.0,IE,-10.9831
2701,110.0,,,1.03594,PQ,,0,GLASMORE,GLASMORE,1.0,11.0,11.0,IE,-7.8781
2721,110.0,,,1.05796,PQ,,0,GRIFFINRATH,GRIFFINRATH,1.0,11.0,11.0,IE,-7.5271
2731,110.0,,,1.05187,PQ,27361-XX,0,GLANLEE,GLANLEE,1.0,5.0,5.0,IE,6.6748
2741,110.0,,,1.05717,PQ,,0,GREAT ISLAND,GREAT ISLAND,1.0,9.0,9.0,IE,-0.296
2742,220.0,,,1.06,PQ,27474-1,0,GREAT ISLAND,GREAT ISLAND,1.0,9.0,9.0,IE,4.2009
2761,110.0,,,1.05413,PQ,,0,GRANGE,GRANGE,1.0,11.0,11.0,IE,-6.8676
2771,110.0,,,1.05049,PQ,,0,GARROW,GARROW,1.0,5.0,5.0,IE,6.732
2781,110.0,,,1.12741,PQ,,0,GALWAY,GALWAY,1.0,2.0,2.0,IE,-5.5357
2791,110.0,,,1.04959,PQ,,0,GALLANSTOWN,GALLANSTOWN,1.0,11.0,11.0,IE,-8.706
2801,110.0,,,1.09459,PQ,,0,GOLAGH,GOLAGH,1.0,1.0,1.0,IE,-19.673
2821,110.0,,,1.07005,PQ,,0,GORTAWEE,GORTAWEE,1.0,1.0,1.0,IE,-16.096
2841,110.0,,,1.0472,PQ,,0,GORMAN,GORMAN,1.0,7.0,7.0,IE,-11.0497
2842,220.0,,,1.05174,PQ,,0,GORMAN,GORMAN,1.0,7.0,7.0,IE,-7.1713
2852,220.0,,,1.06,PQ,28571-1,0,GLANAGOW,GLANAGOW,1.0,10.0,10.0,IE,13.8247
2861,110.0,,,1.05446,PQ,,0,GRANGE CASTL,GRANGE CASTL,1.0,11.0,11.0,IE,-9.2869
2870,110.0,,,1.09464,PQ,,0,CLOGHER,CLOGHER,1.0,1.0,1.0,IE,-19.6547
2871,110.0,,,1.09464,PQ,,0,CLOGHER,CLOGHER,1.0,1.0,1.0,IE,-19.6547
2881,110.0,,,1.04434,PQ,,0,GLENLARA,GLENLARA,1.0,5.0,5.0,IE,0.8236
2941,110.0,,,1.06541,PQ,,0,HAROLDS CROS,HAROLDS CROS,1.0,11.0,11.0,IE,-9.1461
2951,110.0,,,1.06733,PQ,,0,HEUSTON SQUA,HEUSTON SQUA,1.0,11.0,11.0,IE,-7.6353
2962,220.0,,,1.06013,PQ,29671-ST,0,HUNTSTOWN,HUNTSTOWN,1.0,11.0,11.0,IE,-2.0963
2972,220.0,,,1.05893,PQ,29673-2,0,HUNTSTOWN 2,HUNTSTOWN 2,1.0,11.0,11.0,IE,-1.8759
3061,110.0,,,1.06009,PQ,30671-1,0,INISCARRA,INISCARRA,1.0,6.0,6.0,IE,6.0447
3081,110.0,,,1.06762,PQ,,0,INCH_CITY,INCH_CITY,1.0,11.0,11.0,IE,-7.5786
3082,220.0,,,1.06313,PQ,,0,INCHICORE,INCHICORE,1.0,11.0,11.0,IE,-4.9124
3091,110.0,,,1.05585,PQ,,0,INCH_COUNTRY,INCH_COUNTRY,1.0,11.0,11.0,IE,-9.083
3101,110.0,,,1.05966,PQ,,0,IKERRIN,IKERRIN,1.0,8.0,8.0,IE,-2.853
3122,220.0,,,1.06,PQ,31271-1,0,IRISHTOWN,IRISHTOWN,1.0,11.0,11.0,IE,-3.5516
3190,110.0,,,1.09531,PQ,,0,KNOCKANURE,KNOCKANURE,1.0,5.0,5.0,IE,1.8389
3191,110.0,,,1.09092,PQ,,0,KNOCKANURE,KNOCKANURE,1.0,5.0,5.0,IE,4.7621
3192,220.0,,,1.08326,PQ,,0,KNOCKANURE,KNOCKANURE,1.0,5.0,5.0,IE,4.7687
3201,110.0,,,1.05927,PQ,,0,KNOCKRAHA,KNOCKRAHA,1.0,10.0,10.0,IE,6.9348
3202,220.0,,,1.05816,PQ,,0,KNOCKRAHA,KNOCKRAHA,1.0,10.0,10.0,IE,10.7647
3203,220.0,,,1.05816,PQ,,0,KNOCKRAHA,KNOCKRAHA,1.0,10.0,10.0,IE,10.7647
3209,110.0,,,1.05927,PQ,,0,KNOCKRAHA,KNOCKRAHA,1.0,10.0,10.0,IE,6.9348
3221,110.0,,,1.05751,PQ,,0,KILBARRY,KILBARRY,1.0,10.0,10.0,IE,6.0905
3241,110.0,,,1.05894,PQ,,0,KILTEEL,KILTEEL,1.0,11.0,11.0,IE,-8.5884
3251,110.0,,,1.09219,PQ,32508-XX,0,REAMORE,REAMORE,1.0,5.0,5.0,IE,0.9686
3261,110.0,,,1.05881,PQ,,0,KILKENNY,KILKENNY,1.0,9.0,9.0,IE,-5.2481
3271,110.0,,,1.05689,PQ,,0,KISHOGE,KISHOGE,1.0,11.0,11.0,IE,-7.0171
3281,110.0,,,1.06984,PQ,,0,KILLONAN,KILLONAN,1.0,8.0,8.0,IE,1.0518
3282,220.0,,,1.05973,PQ,,0,KILLONAN,KILLONAN,1.0,8.0,8.0,IE,3.4174
3301,110.0,,,1.06984,PQ,,0,KNOCKEARAGH,KNOCKEARAGH,1.0,5.0,5.0,IE,1.3274
3321,110.0,,,1.03997,PQ,,0,KNOCKUMBER,KNOCKUMBER,1.0,7.0,7.0,IE,-11.6082
3330,110.0,,,1.05,PQ,,0,BALLYNAHULLA,BALLYNAHULLA,1.0,5.0,5.0,IE,6.208
3331,110.0,,,1.05,PQ,33361-XX,0,BALLYNAHULLA,BALLYNAHULLA,1.0,5.0,5.0,IE,6.208
3332,220.0,,,1.06533,PQ,,0,BALLYNAHULLA,BALLYNAHULLA,1.0,5.0,5.0,IE,6.2049
3341,110.0,,,1.06399,PQ,,0,KELLIS,KELLIS,1.0,9.0,9.0,IE,-4.1079
3342,220.0,,,1.04704,PQ,,0,KELLIS,KELLIS,1.0,9.0,9.0,IE,-0.8889
3352,220.0,,,1.0632,PQ,,0,KELLYSTOWN,KELLYSTOWN,1.0,11.0,11.0,IE,-3.7832
3381,110.0,,,1.06827,PQ,,0,KINNEGAD,KINNEGAD,1.0,11.0,11.0,IE,-9.2269
3391,110.0,,,1.05906,PQ,,0,KNOCKACUMMER,KNOCKACUMMER,1.0,5.0,5.0,IE,6.0854
3401,110.0,,,1.05354,PQ,,0,KILLOTERAN,KILLOTERAN,1.0,12.0,12.0,IE,-0.4099
3421,110.0,,,1.05481,PQ,,0,KILMORE,KILMORE,1.0,11.0,11.0,IE,-6.8205
3431,110.0,,,1.05681,PQ,,0,KILMAHUD,KILMAHUD,1.0,11.0,11.0,IE,-7.0233
3461,110.0,,,1.08562,PQ,,0,KILPADDOGE,KILPADDOGE,1.0,5.0,5.0,IE,3.0075
3462,220.0,,,1.08219,PQ,,0,KILPADDOGE,KILPADDOGE,1.0,5.0,5.0,IE,4.5597
3471,110.0,,,1.05689,PQ,,0,CASTLEBAGOT,CASTLEBAGOT,1.0,11.0,11.0,IE,-7.0142
3472,220.0,,,1.05982,PQ,,0,CASTLEBAGOT,CASTLEBAGOT,1.0,11.0,11.0,IE,-5.1298
3481,110.0,,,1.08562,PQ,,0,COOLNANOONAG,COOLNANOONAG,1.0,5.0,5.0,IE,3.0073
3491,110.0,,,1.07949,PQ,,0,LISLEA,LISLEA,1.0,7.0,7.0,IE,-14.0743
3501,110.0,,,1.09968,PQ,,0,LANESBORO_A1,LANESBORO_A1,1.0,3.0,3.0,IE,-10.2095
3511,110.0,,,1.09203,PQ,,0,LICKNY,LICKNY,1.0,3.0,3.0,IE,-10.6872
3521,110.0,,,1.08471,PQ,,0,LOUTHA,LOUTHA,1.0,7.0,7.0,IE,-10.3521
3522,220.0,,,1.05226,PQ,,0,LOUTH,LOUTH,1.0,7.0,7.0,IE,-7.2717
3531,110.0,,,1.05562,PQ,,0,LYSAGHTSTOWN,LYSAGHTSTOWN,1.0,10.0,10.0,IE,6.9987
3541,110.0,,,1.06298,PQ,,0,LIMERICK,LIMERICK,1.0,5.0,5.0,IE,0.7792
3551,110.0,,,1.0526,PQ,,0,COOLNABACKY,COOLNABACKY,1.0,11.0,11.0,IE,-5.8595
3561,110.0,,,1.08043,PQ,,0,LISDRUM,LISDRUM,1.0,7.0,7.0,IE,-13.8033
3571,110.0,,,1.07364,PQ,,0,DERRYCARNEY,DERRYCARNEY,1.0,3.0,3.0,IE,-2.0968
3581,110.0,,,1.0812,PQ,,0,LETTERKENNY,LETTERKENNY,1.0,1.0,1.0,IE,-22.6964
3591,110.0,,,1.08145,PQ,,0,LENALEA,LENALEA,1.0,1.0,1.0,IE,-22.2518
3601,110.0,,,1.05944,PQ,,0,LIBERTY ST,LIBERTY ST,1.0,10.0,10.0,IE,6.3564
3611,110.0,,,1.05968,PQ,,0,LIBERTY ST,LIBERTY ST,1.0,10.0,10.0,IE,6.3656
3621,110.0,,,1.05563,PQ,,0,LISHEEN,LISHEEN,1.0,8.0,8.0,IE,-3.0093
3641,110.0,,,1.07086,PQ,,0,LODGEWOOD,LODGEWOOD,1.0,9.0,9.0,IE,-2.1762
3642,220.0,,,1.06066,PQ,,0,LODGEWOOD,LODGEWOOD,1.0,9.0,9.0,IE,-0.0156
3651,110.0,,,1.05686,PQ,,0,BARNAKYLE,BARNAKYLE,1.0,11.0,11.0,IE,-7.0193
3662,220.0,,,1.06,PQ,,0,LOUGHTOWN,LOUGHTOWN,1.0,9.0,9.0,IE,4.2009
3681,110.0,,,1.05687,PQ,,0,AUNGIERSTOWN,AUNGIERSTOWN,1.0,11.0,11.0,IE,-7.0165
3751,110.0,,,1.06576,PQ,,0,MISERY HILL,MISERY HILL,1.0,11.0,11.0,IE,-9.1066
3761,110.0,,,1.05063,PQ,,0,MACETOWN,MACETOWN,1.0,11.0,11.0,IE,-7.8738
3781,110.0,,,1.05728,PQ,,0,MCDERMOTT,MCDERMOTT,1.0,11.0,11.0,IE,-5.4489
3801,110.0,,,1.05414,PQ,,0,MIDLETON,MIDLETON,1.0,10.0,10.0,IE,7.0244
3821,110.0,,,1.04966,PQ,38274-1,0,MEATH HILL,MEATH HILL,1.0,7.0,7.0,IE,-11.1761
3841,110.0,,,1.05964,PQ,,0,MAYNOOTH A,MAYNOOTH A,1.0,11.0,11.0,IE,-7.3569
3842,220.0,,,1.06189,PQ,,0,MAYNOOTH A,MAYNOOTH A,1.0,11.0,11.0,IE,-4.2338
3851,110.0,,,1.05293,PQ,,0,MAYNOOTH B,MAYNOOTH B,1.0,11.0,11.0,IE,-7.0315
3852,220.0,,,1.05881,PQ,,0,MAYNOOTH B,MAYNOOTH B,1.0,11.0,11.0,IE,-4.8566
3861,110.0,,,1.06624,PQ,,0,MILLTOWN,MILLTOWN,1.0,11.0,11.0,IE,-9.0525
3871,110.0,,,1.06603,PQ,,0,MILLTOWN,MILLTOWN,1.0,11.0,11.0,IE,-7.7895
3881,110.0,,,1.06365,PQ,,0,MACROOM,MACROOM,1.0,6.0,6.0,IE,5.7498
3891,110.0,,,1.06433,PQ,,0,CARRIGDANGAN,CARRIGDANGAN,1.0,6.0,6.0,IE,4.5662
3901,110.0,,,1.05683,PQ,,0,MONETEEN,MONETEEN,1.0,5.0,5.0,IE,1.5581
3934,380.0,,,1.05,PQ,39471-1,0,MNYPG1,MNYPG1,1.0,4.0,4.0,IE,6.0563
3940,220.0,,,1.08151,PQ,,0,MNYP B,MNYP B,1.0,4.0,4.0,IE,4.5919
3941,110.0,,,1.08593,PQ,,0,MONEYPOINT,MONEYPOINT,1.0,4.0,4.0,IE,2.6297
3942,220.0,,,1.08151,PQ,,0,MONEYPOINT,MONEYPOINT,1.0,4.0,4.0,IE,4.5919
3944,380.0,,,1.05,PQ,39473-3,0,MONEYPOINT,MONEYPOINT,1.0,4.0,4.0,IE,6.0563
3954,380.0,,,1.05,PQ,39472-2,0,MNYPG2,MNYPG2,1.0,4.0,4.0,IE,6.0563
3961,110.0,,,1.05974,PQ,,0,MARINA,MARINA,1.0,10.0,10.0,IE,6.3789
3981,110.0,,,1.05656,PQ,,0,MUNGRET A,MUNGRET A,1.0,5.0,5.0,IE,1.548
3991,110.0,,,1.05656,PQ,,0,MUNGRET B,MUNGRET B,1.0,5.0,5.0,IE,1.5485
4001,110.0,,,1.08652,PQ,,0,MULLINGAR,MULLINGAR,1.0,3.0,3.0,IE,-10.5483
4021,110.0,,,1.05129,PQ,,0,MALLOW,MALLOW,1.0,5.0,5.0,IE,2.9995
4041,110.0,,,1.18204,PQ,,0,MOY,MOY,1.0,2.0,2.0,IE,-16.3371
4061,110.0,,,1.07214,PQ,,0,MULLAGHARLIN,MULLAGHARLIN,1.0,7.0,7.0,IE,-10.9403
4071,110.0,,,1.08458,PQ,,0,MEENTYCAT,MEENTYCAT,1.0,1.0,1.0,IE,-21.9846
4081,110.0,,,1.05384,PQ,,0,MONREAD,MONREAD,1.0,11.0,11.0,IE,-8.4474
4091,110.0,,,1.09544,PQ,,0,MULREAVY,MULREAVY,1.0,1.0,1.0,IE,-19.6641
4101,110.0,,,1.05449,PQ,,0,NEWBURY,NEWBURY,1.0,11.0,11.0,IE,-6.8452
4111,110.0,,,1.05796,PQ,,0,BANCROFT,BANCROFT,1.0,11.0,11.0,IE,-5.8081
4201,110.0,,,1.04941,PQ,,0,NEWBRIDGE,NEWBRIDGE,1.0,11.0,11.0,IE,-7.6951
4211,110.0,,,1.06635,PQ,,0,NORTH QUAYS,NORTH QUAYS,1.0,11.0,11.0,IE,-9.0221
4221,110.0,,,1.04471,PQ,,0,NAVAN,NAVAN,1.0,7.0,7.0,IE,-11.41
4242,220.0,,,1.06147,PQ,42471-1,0,NORTH WALL,NORTH WALL,1.0,11.0,11.0,IE,-2.0028
4261,110.0,,,1.04994,PQ,,0,NENAGH,NENAGH,1.0,8.0,8.0,IE,-0.24
4281,110.0,,,1.0544,PQ,42871-1,0,NANGOR,NANGOR,1.0,11.0,11.0,IE,-9.2914
4341,110.0,,,1.0613,PQ,,0,OLDCOURT,OLDCOURT,1.0,10.0,10.0,IE,7.9225
4351,110.0,,,1.06132,PQ,,0,OLDCOURT,OLDCOURT,1.0,10.0,10.0,IE,7.9235
4361,110.0,,,1.07799,PQ,,0,OUGHTRAGH,OUGHTRAGH,1.0,5.0,5.0,IE,0.3317
4371,110.0,,,1.16973,PQ,,0,GLENREE,GLENREE,1.0,2.0,2.0,IE,-15.9766
4382,220.0,,,1.07014,PQ,,0,OLDSTREET,OLDSTREET,1.0,4.0,4.0,IE,3.9627
4384,380.0,,,1.05724,PQ,,0,OLDSTREET,OLDSTREET,1.0,4.0,4.0,IE,2.9301
4391,110.0,,,1.0599,PQ,,0,PHILIPSTOWN,PHILIPSTOWN,1.0,3.0,3.0,IE,-5.08
4401,110.0,,,1.05508,PQ,,0,POPPINTREE,POPPINTREE,1.0,11.0,11.0,IE,-6.7212
4441,110.0,,,1.05,PQ,44471-1,0,POLLAPHUCA,POLLAPHUCA,1.0,11.0,11.0,IE,-2.5535
4461,110.0,,,1.0666,PQ,,0,POOLBEG,POOLBEG,1.0,11.0,11.0,IE,-8.8685
4462,220.0,,,1.06125,PQ,,0,POOLBEG NORT,POOLBEG NORT,1.0,11.0,11.0,IE,-2.0487
4471,110.0,,,1.0666,PQ,,0,POOLBEG,POOLBEG,1.0,11.0,11.0,IE,-8.8725
4472,220.0,,,1.06477,PQ,,0,POOLBEG SOUT,POOLBEG SOUT,1.0,11.0,11.0,IE,-4.9662
4481,110.0,,,1.0537,PQ,,0,PORTLAOISE,PORTLAOISE,1.0,11.0,11.0,IE,-5.9516
4491,110.0,,,1.05765,PQ,,0,PELLETSTOWN,PELLETSTOWN,1.0,11.0,11.0,IE,-5.3874
4501,110.0,,,1.04651,PQ,,0,PLATIN,PLATIN,1.0,7.0,7.0,IE,-10.9523
4511,110.0,,,1.06097,PQ,,0,POTTERY ROAD,POTTERY ROAD,1.0,11.0,11.0,IE,-5.9609
4522,220.0,,,1.08289,PQ,,0,PROSPECT,PROSPECT,1.0,4.0,4.0,IE,4.2459
4621,110.0,,,1.03805,PQ,,0,RYEBROOK,RYEBROOK,1.0,11.0,11.0,IE,-8.1719
4651,110.0,,,1.06651,PQ,,0,RINGSEND,RINGSEND,1.0,11.0,11.0,IE,-9.0011
4681,110.0,,,1.06608,PQ,,0,RATHKEALE,RATHKEALE,1.0,5.0,5.0,IE,0.7932
4691,110.0,,,1.04627,PQ,,0,OLDBRIDGE,OLDBRIDGE,1.0,7.0,7.0,IE,-11.1194
4701,110.0,,,1.09401,PQ,,0,RICHMOND,RICHMOND,1.0,3.0,3.0,IE,-10.617
4711,110.0,,,1.09401,PQ,,0,RICHMOND,RICHMOND,1.0,3.0,3.0,IE,-10.617
4721,110.0,,,1.06437,PQ,,0,RAFFEEN,RAFFEEN,1.0,10.0,10.0,IE,8.2119
4722,220.0,,,1.06084,PQ,,0,RAFFEEN,RAFFEEN,1.0,10.0,10.0,IE,12.8805
4741,110.0,,,1.05385,PQ,,0,RINAWADE,RINAWADE,1.0,11.0,11.0,IE,-7.4317
4761,110.0,,,1.07725,PQ,,0,RINGASKIDDY,RINGASKIDDY,1.0,10.0,10.0,IE,7.9845
4781,110.0,,,1.07962,PQ,,0,RATRUSSAN,RATRUSSAN,1.0,7.0,7.0,IE,-13.301
4791,110.0,,,1.05157,PQ,,0,RATHNASKILLO,RATHNASKILLO,1.0,12.0,12.0,IE,1.0556
4901,110.0,,,1.06811,PQ,,0,SHELTON ABBE,SHELTON ABBE,1.0,9.0,9.0,IE,-4.32
4941,110.0,,,1.08389,PQ,49451-1,0,SHANNONBRIDG,SHANNONBRIDG,1.0,3.0,3.0,IE,-0.3076
4942,220.0,,,1.07236,PQ,,0,SHANNONBRIDG,SHANNONBRIDG,1.0,3.0,3.0,IE,-0.2594
4943,220.0,,,1.07236,PQ,,0,SHANNONBRIDG,SHANNONBRIDG,1.0,3.0,3.0,IE,-0.2594
4951,110.0,,,1.12715,PQ,,0,SALTHILL,SALTHILL,1.0,2.0,2.0,IE,-5.6116
4961,110.0,,,1.0779,PQ,,0,SHANKILL,SHANKILL,1.0,7.0,7.0,IE,-14.2679
4981,110.0,,,1.11691,PQ,,0,SLIGO,SLIGO,1.0,2.0,2.0,IE,-14.4974
4991,110.0,,,1.07141,PQ,,0,SORNE HILL,SORNE HILL,1.0,1.0,1.0,IE,-23.8587
5001,110.0,,,1.08708,PQ,,0,SOMERSET,SOMERSET,1.0,3.0,3.0,IE,-1.7367
5022,220.0,,,1.06131,PQ,50274-14,0,SHELLYBANKS,SHELLYBANKS,1.0,11.0,11.0,IE,-2.0431
5031,110.0,,,1.04303,PQ,,0,STEPHENSTOWN,STEPHENSTOWN,1.0,11.0,11.0,IE,-7.6517
5041,110.0,,,1.11267,PQ,,0,SRANANAGH,SRANANAGH,1.0,2.0,2.0,IE,-13.9976
5042,220.0,,,1.09528,PQ,,0,SRANANAGH,SRANANAGH,1.0,2.0,2.0,IE,-10.9301
5051,110.0,,,1.05027,PQ,50574-4,0,SEAL ROCK,SEAL ROCK,1.0,5.0,5.0,IE,5.3347
5061,110.0,,,1.0489,PQ,,0,STRATFORD,STRATFORD,1.0,9.0,9.0,IE,-4.0653
5071,110.0,,,1.05027,PQ,50573-3,0,SEAL ROCK,SEAL ROCK,1.0,5.0,5.0,IE,5.3347
5091,110.0,,,1.07005,PQ,,0,SINGLAND,SINGLAND,1.0,4.0,4.0,IE,0.7064
5111,110.0,,,1.05097,PQ,,0,SNUGBOROUGH,SNUGBOROUGH,1.0,11.0,11.0,IE,-7.8312
5122,220.0,,,1.06,PQ,50275-15,0,SHELLYBANKS,SHELLYBANKS,1.0,11.0,11.0,IE,-3.4532
5131,110.0,,,1.06115,PQ,,0,TANEY,TANEY,1.0,11.0,11.0,IE,-6.0117
5140,220.0,,,1.0823,PQ,51475-1,0,OLDPIER,OLDPIER,1.0,5.0,5.0,IE,4.5551
5141,110.0,,,1.0823,PQ,,0,TARBERT,TARBERT,1.0,5.0,5.0,IE,4.5551
5142,220.0,,,1.0823,PQ,,0,TARBERT,TARBERT,1.0,5.0,5.0,IE,4.5551
5172,220.0,,,1.075,PQ,51771-CT,0,TYNAGH,TYNAGH,1.0,3.0,3.0,IE,4.2551
5181,110.0,,,1.0605,PQ,,0,TRABEG,TRABEG,1.0,10.0,10.0,IE,6.4236
5191,110.0,,,1.08151,PQ,,0,TIEVEBRACK,TIEVEBRACK,1.0,1.0,1.0,IE,-21.0322
5202,220.0,,,1.05887,Slack,52071-1,0,TURLOUGH HIL,TURLOUGH HIL,3.0,11.0,11.0,IE,-2.5756
5211,110.0,,,1.06147,PQ,,0,TIMAHOE,TIMAHOE,1.0,11.0,11.0,IE,-7.8236
5221,110.0,,,1.08447,PQ,,0,TULLABRACK,TULLABRACK,1.0,4.0,4.0,IE,1.8374
5222,220.0,,,1.06,PQ,50276-16,0,SHELLYBANKSB,SHELLYBANKSB,1.0,11.0,11.0,IE,-3.4532
5231,110.0,,,1.06557,PQ,,0,TRINITY,TRINITY,1.0,11.0,11.0,IE,-9.1357
5241,110.0,,,1.18212,PQ,,0,TAWNAGHMORE,TAWNAGHMORE,1.0,2.0,2.0,IE,-16.3389
5251,110.0,,,1.18211,PQ,,0,TAWN_B,TAWN_B,1.0,2.0,2.0,IE,-16.3384
5261,110.0,,,1.09811,PQ,,0,TRIEN,TRIEN,1.0,5.0,5.0,IE,1.5394
5271,110.0,,,1.07388,PQ,,0,CAUTEEN,CAUTEEN,1.0,8.0,8.0,IE,-0.6135
5274,110.0,,,1.07388,PQ,,0,CAUTEEN,CAUTEEN,1.0,8.0,8.0,IE,-0.6135
5281,110.0,,,1.09193,PQ,,0,TRALEE,TRALEE,1.0,5.0,5.0,IE,0.9932
5291,110.0,,,1.0694,PQ,,0,TULLABEG,TULLABEG,1.0,9.0,9.0,IE,-3.372
5301,110.0,,,1.05556,PQ,53071-XX,0,THURLES,THURLES,1.0,8.0,8.0,IE,-3.0077
5321,110.0,,,1.05868,PQ,,0,THORNSBERRY,THORNSBERRY,1.0,11.0,11.0,IE,-7.7849
5331,110.0,,,1.05538,PQ,,0,YELLOWMEADOW,YELLOWMEADOW,1.0,11.0,11.0,IE,-9.1667
5341,110.0,,,1.09279,PQ,,0,TONROE,TONROE,1.0,2.0,2.0,IE,-12.7483
5361,110.0,,,1.07139,PQ,,0,TRILLICK,TRILLICK,1.0,1.0,1.0,IE,-23.8582
5381,110.0,,,1.0711,PQ,,0,TIPPERARY,TIPPERARY,1.0,8.0,8.0,IE,-1.3121
5441,110.0,,,1.05379,PQ,,0,WATERFORD,WATERFORD,1.0,9.0,9.0,IE,-0.3955
5451,110.0,,,1.05874,PQ,54571-1,0,ROSSPILE,ROSSPILE,1.0,9.0,9.0,IE,-1.8577
5462,220.0,,,1.06986,PQ,,0,WOODLAND,WOODLAND,1.0,11.0,11.0,IE,-2.7223
5464,380.0,,,1.04097,PQ,,0,WOODLAND,WOODLAND,1.0,11.0,11.0,IE,-1.3075
5481,110.0,,,1.06236,PQ,,0,WHITEGATE,WHITEGATE,1.0,10.0,10.0,IE,8.719
5501,110.0,,,1.0677,PQ,55074-1,0,WEXFORD,WEXFORD,1.0,9.0,9.0,IE,-3.2001
5521,110.0,,,1.057,PQ,,0,WOLFE TONE,WOLFE TONE,1.0,11.0,11.0,IE,-5.4642
6201,110.0,,,1.05737,PQ,,0,COOMATAGGART,COOMATAGGART,1.0,5.0,5.0,IE,6.6874
6371,110.0,,,1.06651,PQ,,0,WHITEBANK,WHITEBANK,1.0,11.0,11.0,IE,-9.0012
6931,110.0,,,1.0489,PQ,,0,WOODHOUSE,WOODHOUSE,1.0,12.0,12.0,IE,2.4824
10210,110.0,,,1.07114,PQ,,0,ARDNACRUSHA,ARDNACRUSHA,1.0,4.0,4.0,IE,0.3855
10261,110.0,,,1.07114,PQ,,0,ARDNA_CAP,ARDNA,1.0,4.0,4.0,IE,0.3855
10422,220.0,,,1.06018,PQ,10470-1,0,LONGPOINT,LONGPOINT,1.0,10.0,10.0,IE,13.8694
10619,110.0,,,1.11128,PQ,,0,ARIGNA_T,ARIGNA_T,1.0,1.0,1.0,IE,-13.108
11310,110.0,,,1.09236,PQ,,0,TOBERTOREEN,TOBERTOREEN,1.0,5.0,5.0,IE,4.7469
11461,110.0,,,1.11155,PQ,,0,ATH_CAP,ATH,1.0,3.0,3.0,IE,-5.6895
12111,110.0,,,1.05,PQ,,0,BALLYVOUSKIL,BALLYVOUSKIL,1.0,5.0,5.0,IE,6.7548
13219,110.0,,,1.04763,PQ,,0,BLAKE T,BLAKE,1.0,11.0,11.0,IE,-7.8316
13810,110.0,,,1.0771,PQ,,0,BARNAHELYB,BARNAHELYB,1.0,10.0,10.0,IE,7.9711
14010,110.0,,,1.17834,PQ,,0,BELLACORICK,BELLACORICK,1.0,2.0,2.0,IE,-15.4333
14013,110.0,,,1.17846,PQ,,0,SRAHNAKILLY,SRAHNAKILLY,1.0,2.0,2.0,IE,-15.4346
14016,110.0,,,1.17835,PQ,,0,CROAGHAUN,CROAGHAUN,1.0,2.0,2.0,IE,-15.4334
14461,110.0,,,1.06379,PQ,,0,BAN_CAP,BAN,1.0,6.0,6.0,IE,5.0242
14619,110.0,,,1.05741,PQ,,0,BARRYM T,BARRYM,1.0,8.0,8.0,IE,3.7066
15010,110.0,,,1.06368,PQ,,0,BRINNY,BRINNY,1.0,6.0,6.0,IE,5.0165
15220,220.0,,,1.0616,PQ,,0,BRACETOWN,BRACETOWN,1.0,11.0,11.0,IE,-2.5327
16011,110.0,,,1.06459,PQ,,0,CLASHAVOON,CLASHAVOON,1.0,5.0,5.0,IE,5.8151
16110,110.0,,,1.05133,PQ,,0,CLONKEEN,CLONKEEN,1.0,5.0,5.0,IE,6.6811
16411,110.0,,,1.12804,PQ,,0,CASHLA,CASHLA,1.0,2.0,2.0,IE,-4.5863
16461,110.0,,,1.12804,PQ,,0,CASH_CAP,CASH,1.0,2.0,2.0,IE,-4.5863
16661,110.0,,,1.17227,PQ,,0,CBAR_CAP,CBAR,1.0,2.0,2.0,IE,-13.516
16662,110.0,,,1.17344,PQ,,0,CBAR_SVC,CBAR,1.0,2.0,2.0,IE,-13.516
17010,110.0,,,1.08705,PQ,17074-4,0,CATH FALL,CATH FALL,1.0,1.0,1.0,IE,-17.3035
17061,110.0,,,1.08705,PQ,,0,CATH_CAP,CATH,1.0,1.0,1.0,IE,-17.3035
17261,110.0,,,1.07176,PQ,,0,CAHR_CAP,CAHR,1.0,8.0,8.0,IE,-1.6735
17411,110.0,,,1.05917,PQ,,0,CKM_COUNTRY,CKM_COUNTRY,1.0,11.0,11.0,IE,-5.6989
17431,220.0,,,1.06599,PQ,,0,CKMN_PST,CKMN,1.0,11.0,11.0,IE,-4.8204
17462,220.0,,,1.06031,PQ,,0,CKM_SR,CKM_SR,1.0,11.0,11.0,IE,-3.9125
17810,110.0,,,1.04947,PQ,,0,CASTLEFARM,CASTLEFARM,1.0,5.0,5.0,IE,5.2585
18010,110.0,,,1.0328,PQ,,0,COOKSTOWN A,COOKSTOWN A,1.0,11.0,11.0,IE,-10.662
20411,110.0,,,1.05112,PQ,,0,CORDUFF,CORDUFF,1.0,11.0,11.0,IE,-7.7731
20416,110.0,,,1.05911,PQ,,0,CORDUFF HOT,CORDUFF HOT,1.0,11.0,11.0,IE,-2.1662
20900,110.0,,,1.13643,PQ,,0,BUFFY,BUFFY,1.0,2.0,2.0,IE,-6.3821
21261,110.0,,,1.07874,PQ,,0,DRU_CAP,DRU,1.0,4.0,4.0,IE,-1.162
21661,110.0,,,1.06255,PQ,,0,DOON_CAP,DOON,1.0,8.0,8.0,IE,-2.0268
22261,110.0,,,1.06426,PQ,,0,DUNM_CAP,DUNM,1.0,6.0,6.0,IE,4.5678
22419,110.0,,,1.07639,PQ,,0,DALLOW T,DALLOW,1.0,8.0,8.0,IE,-1.5986
22610,110.0,,,1.06327,PQ,,0,DERRYIRON,DERRYIRON,1.0,11.0,11.0,IE,-8.443
22612,110.0,,,1.06327,PQ,,0,DERRYIRON,DERRYIRON,1.0,11.0,11.0,IE,-8.443
22613,110.0,,,1.06327,PQ,,0,DERRYIRON,DERRYIRON,1.0,11.0,11.0,IE,-8.443
22614,110.0,,,1.06327,PQ,,0,DERRYIRON,DERRYIRON,1.0,11.0,11.0,IE,-8.443
22811,110.0,,,1.16061,PQ,,0,DALTON_A2,DALTON_A2,1.0,2.0,2.0,IE,-11.6731
22861,110.0,,,1.16061,PQ,,0,DALT_CAP,DALT,1.0,2.0,2.0,IE,-11.6731
23019,110.0,,,1.05969,PQ,,0,DUNFIR_T,DUNFIR_T,1.0,11.0,11.0,IE,-8.5214
23610,110.0,,,1.09253,PQ,,0,SLIEVECALLAN,SLIEVECALLAN,1.0,4.0,4.0,IE,-1.7043
24819,110.0,,,1.05761,PQ,,0,FASSAROE_T,FASSAROE_T,1.0,11.0,11.0,IE,-5.8446
25674,110.0,,,1.05885,PQ,,0,TEG HUNTSTOW,HUNTSTOW,2.0,11.0,11.0,IE,-5.228
27219,110.0,,,1.05863,PQ,,0,GRFRAT T,GRFRAT,1.0,11.0,11.0,IE,-7.4706
27281,110.0,,,1.05835,PQ,,0,GRIFFINRATH,GRIFFINRATH,1.0,11.0,11.0,IE,-7.5018
28019,110.0,,,1.09458,PQ,,0,GOLAGH T,GOLAGH,1.0,1.0,1.0,IE,-19.6728
28261,110.0,,,1.07005,PQ,,0,GWE_CAP,GWE,1.0,1.0,1.0,IE,-16.096
28411,110.0,,,1.0472,PQ,,0,GORMAN ESS,GORMAN,1.0,7.0,7.0,IE,-11.0497
28710,110.0,,,1.09464,PQ,,0,CLOGHER,CLOGHER,1.0,1.0,1.0,IE,-19.6547
28712,110.0,,,1.09464,PQ,,0,CLOGHER,CLOGHER,1.0,1.0,1.0,IE,-19.6547
28810,110.0,,,1.05739,PQ,,0,GLENLARA,GLENLARA,1.0,5.0,5.0,IE,6.1065
30820,220.0,,,1.06313,PQ,,0,INCHICORE,INCHICORE,1.0,11.0,11.0,IE,-4.9124
31019,110.0,,,1.05974,PQ,,0,IKERIN T,IKERIN,1.0,8.0,8.0,IE,-2.8456
31911,110.0,,,1.09092,PQ,,0,KNOCKANURE B,KNOCKANURE B,1.0,5.0,5.0,IE,4.7621
31920,220.0,,,1.08326,PQ,,0,KNOCKANURE,KNOCKANURE,1.0,5.0,5.0,IE,4.7687
32461,110.0,,,1.05894,PQ,,0,KILTEEL_CAP,KILTEEL,1.0,11.0,11.0,IE,-8.5884
32661,110.0,,,1.05881,PQ,,0,KKY_CAP,KKY,1.0,9.0,9.0,IE,-5.2481
32810,110.0,,,1.06984,PQ,,0,KILLONAN2,KILLONAN2,1.0,8.0,8.0,IE,1.0518
34620,220.0,,,1.08219,PQ,,0,KILPADDOGE,KILPADDOGE,1.0,5.0,5.0,IE,4.5597
35011,110.0,,,1.09968,PQ,,0,LANESBORO_A2,LANESBORO_A2,1.0,3.0,3.0,IE,-10.2095
35211,110.0,,,1.06937,PQ,,0,LOUTHB,LOUTHB,1.0,7.0,7.0,IE,-10.049
35231,275.0,,,1.04792,PQ,,0,LOUTH,LOUTH,1.0,7.0,7.0,IE,-6.9891
35232,275.0,,,1.04801,PQ,,0,LOUTH,LOUTH,1.0,7.0,7.0,IE,-6.9862
35261,110.0,,,1.08471,PQ,,0,LOU_CAP,LOU,1.0,7.0,7.0,IE,-10.3521
35611,110.0,,,1.08043,PQ,,0,LISDRUMDOAGH,LISDRUMDOAGH,1.0,7.0,7.0,IE,-13.8033
35661,110.0,,,1.08043,PQ,,0,LISD_CAP,LISD,1.0,7.0,7.0,IE,-13.8033
35861,110.0,,,1.0812,PQ,,0,LKY_CAP,LKY,1.0,1.0,1.0,IE,-22.6964
35862,110.0,,,1.08282,PQ,,0,LKY_SVC,LKY,1.0,1.0,1.0,IE,-22.6964
36210,110.0,,,1.05563,PQ,,0,LISHEEN,LISHEEN,1.0,8.0,8.0,IE,-3.0093
36411,110.0,,,1.07086,PQ,,0,CRORY,CRORY,1.0,9.0,9.0,IE,-2.1762
36671,150.0,,,1.06,PQ,,0,GREENLINK,GREENLINK,2.0,9.0,9.0,IE,4.2009
39610,110.0,,,1.05974,PQ,,0,MARINA,MARINA,1.0,10.0,10.0,IE,6.3789
40061,110.0,,,1.08652,PQ,,0,MUL_CAP,MUL,1.0,3.0,3.0,IE,-10.5483
40461,110.0,,,1.18204,PQ,,0,MOY_CAP,MOY,1.0,2.0,2.0,IE,-16.3371
40462,110.0,,,1.18204,PQ,,0,MOYCAP2,MOYCAP2,1.0,2.0,2.0,IE,-16.3371
43619,110.0,,,1.08301,PQ,,0,OUTAGH T,OUTAGH,1.0,5.0,5.0,IE,0.7949
44661,220.0,,,1.06125,PQ,,0,PBEG REACTOR,PBEG REACTOR,1.0,11.0,11.0,IE,-2.0487
44662,220.0,,,1.06477,PQ,,0,PBEG REACTOR,PBEG REACTOR,1.0,11.0,11.0,IE,-4.9662
47210,110.0,,,1.07725,PQ,,0,RAFFEENB,RAFFEENB,1.0,10.0,10.0,IE,7.9846
47261,110.0,,,1.07725,PQ,,0,RAFF_CAP,RAFF,1.0,10.0,10.0,IE,7.9846
49662,110.0,,,1.0779,PQ,,0,MOB_CAP,MOB,1.0,7.0,7.0,IE,-14.2679
49861,110.0,,,1.11691,PQ,,0,SLIG_CAP,SLIG,1.0,2.0,2.0,IE,-14.4974
50019,110.0,,,1.08807,PQ,,0,SOMRST T,SOMRST,1.0,3.0,3.0,IE,-1.6617
50619,110.0,,,1.04987,PQ,,0,STRATF T,STRATF,1.0,9.0,9.0,IE,-3.9908
51319,110.0,,,1.06114,PQ,,0,CENTRAL PARK,CENTRAL PARK,1.0,11.0,11.0,IE,-5.9443
51410,110.0,,,1.0823,PQ,,0,TARBERT,TARBERT,1.0,5.0,5.0,IE,4.5551
51911,110.0,,,1.09521,PQ,,0,CROAGHONAGH,CROAGHONAGH,1.0,1.0,1.0,IE,-19.6611
52219,110.0,,,1.08516,PQ,,0,TULBRK T,TULBRK,1.0,4.0,4.0,IE,1.889
52610,110.0,,,1.09306,PQ,,0,TRIEN,TRIEN,1.0,5.0,5.0,IE,4.7394
52661,110.0,,,1.09811,PQ,,0,TRIE_CAP,TRIE,1.0,5.0,5.0,IE,1.5394
52861,110.0,,,1.09193,PQ,,0,TRAL_CAP,TRAL,1.0,5.0,5.0,IE,0.9932
53061,110.0,,,1.05556,PQ,,0,THUR_CAP,THUR,1.0,8.0,8.0,IE,-3.0077
54622,220.0,,,1.06986,PQ,,0,WOODLAND,WOODLAND,1.0,11.0,11.0,IE,-2.7223
54630,260.0,,,1.04565,PQ,,0,EASTWEST,EASTWEST,2.0,11.0,11.0,IE,-1.316
54640,380.0,,,1.04112,PQ,,0,PORTAN,PORTAN,1.0,11.0,11.0,IE,-1.316
55061,110.0,,,1.0677,PQ,,0,WEXF_CAP,WEXF,1.0,9.0,9.0,IE,-3.2001
66094,110.0,,,1.10456,PQ,,0,SLIABH BAWN,SLIABH BAWN,1.0,3.0,3.0,IE,-10.8157
68090,110.0,,,1.04891,PQ,,0,KNOCKNAMONA,KNOCKNAMONA,1.0,12.0,12.0,IE,2.4819
70010,110.0,,,1.04306,PQ,,0,AGHYOULE,AGHYOULE,1.0,14.0,14.0,NI,-13.6354
70311,110.0,,,1.05052,PQ,70390-DP,0,ANTR1A,ANTR1,1.0,13.0,13.0,NI,-6.4489
70312,110.0,,,1.04649,PQ,,0,ANTR1B,ANTR1,1.0,13.0,13.0,NI,-6.3769
70510,110.0,,,1.04833,PQ,70516-D,0,BAFD1-,BAFD1,1.0,13.0,13.0,NI,-4.9127
70520,275.0,,,1.04662,PQ,70513-A,0,BAFD2-,BAFD2,1.0,13.0,13.0,NI,-4.1578
71011,110.0,,,1.04314,PQ,71093-BR,0,BAME1A,BAME1,1.0,14.0,14.0,NI,-6.9712
71012,110.0,,,1.04265,PQ,,0,BAME1B,BAME1,1.0,14.0,14.0,NI,-7.0359
71511,110.0,,,1.06854,PQ,,0,BANB1A,BANB1,1.0,13.0,13.0,NI,-9.9327
71512,110.0,,,1.06952,PQ,,0,BANB1B,BANB1,1.0,13.0,13.0,NI,-9.8292
72010,110.0,,,1.0446,PQ,,0,BAVA1-,BAVA1,1.0,13.0,13.0,NI,-5.9386
72511,110.0,,,1.06433,PQ,,0,BNCH1A,BNCH1,1.0,13.0,13.0,NI,-11.3039
72512,110.0,,,1.06432,PQ,,0,BNCH1B,BNCH1,1.0,13.0,13.0,NI,-11.3059
73011,110.0,,,1.05221,PQ,,0,BELN1A,BELN1,1.0,13.0,13.0,NI,-8.7259
73012,110.0,,,1.0527,PQ,,0,BELN1B,BELN1,1.0,13.0,13.0,NI,-8.7117
73500,110.0,,,1.05154,PQ,,0,BROCK1,BROCK1,1.0,14.0,14.0,NI,-7.3188
73510,110.0,,,1.0515,PQ,,0,GARVAGH NI,GARVAGH NI,1.0,14.0,14.0,NI,-7.3185
74011,110.0,,,1.03621,PQ,,0,CARN1A,CARN1,1.0,13.0,13.0,NI,-6.4212
74012,110.0,,,1.03622,PQ,,0,CARN1B,CARN1,1.0,13.0,13.0,NI,-6.4165
74511,110.0,,,1.07539,PQ,,0,CAST1A,CAST1,1.0,13.0,13.0,NI,-10.3645
74512,110.0,,,1.07539,PQ,,0,CAST1B,CAST1,1.0,13.0,13.0,NI,-10.3645
74520,275.0,,,1.04492,PQ,,0,CAST2-,CAST2,1.0,13.0,13.0,NI,-6.4958
74711,110.0,,,1.07431,PQ,,0,CENT1A,CENT1,1.0,13.0,13.0,NI,-10.5127
74712,110.0,,,1.07431,PQ,,0,CENT1B,CENT1,1.0,13.0,13.0,NI,-10.5127
75010,110.0,,,1.04608,PQ,,0,COLE1-,COLE1,1.0,14.0,14.0,NI,-8.132
75510,110.0,,,1.07724,PQ,75508-8,0,COOL1-,COOL1,1.0,14.0,14.0,NI,-5.4911
75511,110.0,,,1.07724,PQ,,0,COOL1,COOL1,1.0,14.0,14.0,NI,-5.4911
75514,110.0,,,1.07724,PQ,,0,COOL_CAP,COOL,1.0,14.0,14.0,NI,-5.4911
75520,275.0,,,1.04413,PQ,75516-GT,0,COOLKEER,COOLKEER,1.0,14.0,14.0,NI,-4.0884
75521,275.0,,,1.04416,PQ,,0,COOL2A,COOL2,1.0,14.0,14.0,NI,-4.1016
75522,275.0,,,1.04416,PQ,,0,COOL2B,COOL2,1.0,14.0,14.0,NI,-4.1016
75610,110.0,,,1.07813,PQ,,0,AUGHT,AUGHT,1.0,14.0,14.0,NI,-5.5086
75611,110.0,,,1.07753,PQ,,0,CULMORE_RD,CULMORE_RD,1.0,14.0,14.0,NI,-5.4965
75810,110.0,,,1.0394,PQ,,0,CREAGH,CREAGH,1.0,14.0,14.0,NI,-8.6631
76011,110.0,,,1.07468,PQ,,0,CREG1A,CREG1,1.0,13.0,13.0,NI,-10.4618
76012,110.0,,,1.07468,PQ,,0,CREG1B,CREG1,1.0,13.0,13.0,NI,-10.4618
76511,110.0,,,1.05329,PQ,,0,DONE1C,DONE1C,1.0,13.0,13.0,NI,-8.6723
76512,110.0,,,1.05379,PQ,,0,DONE1B,DONE1,1.0,13.0,13.0,NI,-8.6583
76513,110.0,,,1.05319,PQ,,0,DONE1D,DONE1D,1.0,13.0,13.0,NI,-8.7506
76514,110.0,,,1.05093,PQ,,0,DONE1A,DONE1,1.0,13.0,13.0,NI,-8.7203
76810,110.0,,,1.05492,PQ,,0,DROMORE,DROMORE,1.0,14.0,14.0,NI,-10.9212
77010,110.0,,,1.0716,PQ,,0,DRUM1-,DRUM1,1.0,14.0,14.0,NI,-9.4736
77210,110.0,,,1.05524,PQ,,0,DRUMQUIN,DRUMQUIN,1.0,14.0,14.0,NI,-10.9239
77511,110.0,,,1.05878,PQ,,0,DUNG1-,DUNG1,1.0,14.0,14.0,NI,-9.217
77512,110.0,,,1.05878,PQ,,0,DUNG1B,DUNG1,1.0,14.0,14.0,NI,-9.217
78511,110.0,,,1.03923,PQ,,0,EDEN1A,EDEN1,1.0,13.0,13.0,NI,-5.9461
78512,110.0,,,1.03925,PQ,,0,EDEN1B,EDEN1,1.0,13.0,13.0,NI,-5.9345
79010,110.0,,,1.04836,PQ,,0,ENNISKIL,ENNISKIL,1.0,14.0,14.0,NI,-12.6798
79015,110.0,,,1.05188,PQ,,0,ENNK_PST,ENNK,1.0,14.0,14.0,NI,-15.7254
79016,110.0,,,1.05495,PQ,,0,ENNK_PST,ENNK,1.0,14.0,14.0,NI,-15.7513
79017,110.0,,,1.05188,PQ,,0,ENNISKILLEN,ENNISKILLEN,1.0,14.0,14.0,NI,-15.7254
80011,110.0,,,1.05326,PQ,,0,FINY1A,FINY1,1.0,13.0,13.0,NI,-8.6149
80012,110.0,,,1.05376,PQ,,0,FINY1B,FINY1,1.0,13.0,13.0,NI,-8.6191
80511,110.0,,,1.03669,PQ,,0,GLEN1A,GLEN1,1.0,14.0,14.0,NI,-6.8842
80512,110.0,,,1.04936,PQ,,0,GLEN1B,GLEN1,1.0,14.0,14.0,NI,-6.4541
80710,110.0,,,1.06171,PQ,,0,GORT,GORT,1.0,14.0,14.0,NI,-9.8734
81010,110.0,,,1.05399,PQ,,0,HANA1A,HANA1,1.0,13.0,13.0,NI,-8.556
81011,110.0,,,1.05399,PQ,,0,HANA1B,HANA1,1.0,13.0,13.0,NI,-8.556
81020,275.0,,,1.04611,PQ,,0,HANA2A,HANA2,1.0,13.0,13.0,NI,-6.1414
81510,110.0,,,1.04838,PQ,,0,KELS1-,KELS1,1.0,14.0,14.0,NI,-6.4328
81520,275.0,,,1.03804,PQ,,0,KELS2-,KELS2,1.0,14.0,14.0,NI,-4.4755
81810,110.0,,,1.07844,PQ,,0,KILL1-CL,KILL1-CL,1.0,14.0,14.0,NI,-6.5669
82020,275.0,,,1.03331,PQ,82006-6,0,KILR2-,KILR2,1.0,13.0,13.0,NI,-3.9094
82511,110.0,,,1.0742,PQ,,0,KNCK1A,KNCK1,1.0,13.0,13.0,NI,-10.4116
82512,110.0,,,1.07422,PQ,,0,KNCK1B,KNCK1,1.0,13.0,13.0,NI,-10.4109
83011,110.0,,,1.04219,PQ,,0,LARN1A,LARN1,1.0,13.0,13.0,NI,-6.1892
83012,110.0,,,1.04219,PQ,,0,LARN1B,LARN1,1.0,13.0,13.0,NI,-6.1898
83510,110.0,,,1.05376,PQ,,0,LIMA1-,LIMA1,1.0,14.0,14.0,NI,-7.5154
84011,110.0,,,1.05529,PQ,84095-BA,0,LISB1A,LISB1,1.0,13.0,13.0,NI,-8.9642
84012,110.0,,,1.05567,PQ,,0,LISB1B,LISB1,1.0,13.0,13.0,NI,-8.9658
84411,110.0,,,1.07393,PQ,,0,LSMR1A,LSMR1,1.0,14.0,14.0,NI,-5.7519
84412,110.0,,,1.07392,PQ,,0,LSMR1B,LSMR1,1.0,14.0,14.0,NI,-5.7525
84511,110.0,,,1.04305,PQ,,0,LOGE1A,LOGE1,1.0,14.0,14.0,NI,-8.3842
84512,110.0,,,1.0431,PQ,,0,LOGE1B,LOGE1,1.0,14.0,14.0,NI,-8.3791
85020,275.0,,,1.043,PQ,,0,MAGF2-,MAGF2,1.0,13.0,13.0,NI,-5.1369
85510,110.0,,,1.05926,PQ,,0,MAKL1-CL,MAKL1-CL,1.0,14.0,14.0,NI,-10.29
86220,275.0,,,1.04675,PQ,,0,BALLYCRO,BALLYCRO,1.0,13.0,13.0,NI,-4.1799
86221,275.0,,,1.0,Slack,86221 import,1,SCOTLAND,SCOTLAND,3.0,13.0,13.0,NI,0.0
86280,110.0,,,1.04675,PQ,,0,MOYL_DUM,MOYL,1.0,13.0,13.0,NI,-4.1799
86311,110.0,,,1.07249,PQ,,0,NARD1A,NARD1,1.0,13.0,13.0,NI,-10.7811
86312,110.0,,,1.07211,PQ,,0,NARD1B,NARD1,1.0,13.0,13.0,NI,-10.8337
86511,110.0,,,1.05791,PQ,,0,NEWY1A,NEWY1,1.0,13.0,13.0,NI,-10.743
86512,110.0,,,1.05788,PQ,,0,NEWY1B,NEWY1,1.0,13.0,13.0,NI,-10.7466
87510,110.0,,,1.05729,PQ,,0,OMAH1-,OMAH1,1.0,14.0,14.0,NI,-10.2638
87900,110.0,,,1.05069,PQ,87991-BR,0,RASHARK1,RASHARK1,1.0,14.0,14.0,NI,-7.3111
88011,110.0,,,1.06665,PQ,,0,RATH1A,RATH1,1.0,13.0,13.0,NI,-11.1197
88012,110.0,,,1.0661,PQ,,0,RATH1B,RATH1,1.0,13.0,13.0,NI,-11.1525
88511,110.0,,,1.07524,PQ,,0,ROSE1A,ROSE1,1.0,13.0,13.0,NI,-10.3814
88512,110.0,,,1.07524,PQ,88539-BB,0,ROSE1B,ROSE1,1.0,13.0,13.0,NI,-10.3817
89210,110.0,,,1.0821,PQ,,0,SKRK1-,SKRK1,1.0,14.0,14.0,NI,-6.6448
89311,110.0,,,1.07498,PQ,,0,SPRN1A,SPRN1,1.0,14.0,14.0,NI,-5.7151
89312,110.0,,,1.07499,PQ,,0,SPRN1B,SPRN1,1.0,14.0,14.0,NI,-5.7163
89510,110.0,,,1.0719,PQ,,0,STRABANE,STRABANE,1.0,14.0,14.0,NI,-7.2988
89515,110.0,,,1.07267,PQ,,0,STRA_PST,STRA,1.0,14.0,14.0,NI,-23.9383
89516,110.0,,,1.07249,PQ,,0,STRA_PST,STRA,1.0,14.0,14.0,NI,-23.6648
89517,110.0,,,1.07267,PQ,,0,STRABANE ZER,STRABANE ZER,1.0,14.0,14.0,NI,-23.9383
90011,110.0,,,1.07485,PQ,,0,TAND1A,TAND1,1.0,13.0,13.0,NI,-9.3649
90012,110.0,,,1.07485,PQ,,0,TAND1B,TAND1,1.0,13.0,13.0,NI,-9.3649
90020,275.0,,,1.04121,PQ,,0,TANDRAGEE,TANDRAGEE,1.0,13.0,13.0,NI,-6.5483
90210,110.0,,,1.06165,PQ,,0,TREM,TREM,1.0,14.0,14.0,NI,-9.6342
90310,110.0,,,1.06167,PQ,,0,TAMNAMOR,TAMNAMOR,1.0,13.0,13.0,NI,-8.8576
90320,275.0,,,1.04208,PQ,,0,TAMNAMOR,TAMNAMOR,1.0,13.0,13.0,NI,-6.0844
90511,110.0,,,1.06837,PQ,90540-LH,0,WARN1A,WARN1,1.0,13.0,13.0,NI,-9.9814
90512,110.0,,,1.06839,PQ,,0,WARN1B,WARN1,1.0,13.0,13.0,NI,-9.9799
star:1072-1041-10421-2,220.0,0.0,0.0,1.0649,PQ,,0,star of 1072-1041-10421-2,STAR,1.0,,,--,9.602
star:1122-1121-11221-1,220.0,0.0,0.0,1.06776,PQ,,0,star of 1122-1121-11221-1,STAR,1.0,,,--,-4.1669
star:1122-1121-11222-2,220.0,0.0,0.0,1.06926,PQ,,0,star of 1122-1121-11222-2,STAR,1.0,,,--,-4.1056
star:1212-1211-12121-1,220.0,0.0,0.0,1.0513,PQ,,0,star of 1212-1211-12121-1,STAR,1.0,,,--,6.7486
star:1212-12111-12122-2,220.0,0.0,0.0,1.0513,PQ,,0,star of 1212-12111-12122-2,STAR,1.0,,,--,6.7486
star:1472-1471-14721-1,220.0,0.0,0.0,1.05175,PQ,,0,star of 1472-1471-14721-1,STAR,1.0,,,--,-5.4498
star:1602-1601-16022-1,220.0,0.0,0.0,1.06426,PQ,,0,star of 1602-1601-16022-1,STAR,1.0,,,--,6.1171
star:1602-16011-16021-1,220.0,0.0,0.0,1.06426,PQ,,0,star of 1602-16011-16021-1,STAR,1.0,,,--,6.1171
star:1642-1641-16421-1,220.0,0.0,0.0,1.12212,PQ,,0,star of 1642-1641-16421-1,STAR,1.0,,,--,-3.9245
star:1642-1641-16422-2,220.0,0.0,0.0,1.12212,PQ,,0,star of 1642-1641-16422-2,STAR,1.0,,,--,-3.9245
star:1642-16411-16424-4,220.0,0.0,0.0,1.12516,PQ,,0,star of 1642-16411-16424-4,STAR,1.0,,,--,-4.275
star:1742-1741-17421-1,220.0,0.0,0.0,1.06149,PQ,,0,star of 1742-1741-17421-1,STAR,1.0,,,--,-5.5462
star:1742-1741-17422-2,220.0,0.0,0.0,1.06149,PQ,,0,star of 1742-1741-17422-2,STAR,1.0,,,--,-5.5462
star:1742-17411-17423-3,220.0,0.0,0.0,1.05985,PQ,,0,star of 1742-17411-17423-3,STAR,1.0,,,--,-5.3533
star:1742-17411-17424-4,220.0,0.0,0.0,1.05993,PQ,,0,star of 1742-17411-17424-4,STAR,1.0,,,--,-5.3454
star:2002-2001-20021-1,220.0,0.0,0.0,1.05795,PQ,,0,star of 2002-2001-20021-1,STAR,1.0,,,--,1.2612
star:2042-2041-20421-1,220.0,0.0,0.0,1.05371,PQ,,0,star of 2042-2041-20421-1,STAR,1.0,,,--,-6.631
star:2042-20416-20424-4,220.0,0.0,0.0,1.05911,PQ,,0,star of 2042-20416-20424-4,STAR,1.0,,,--,-2.1662
star:2052-2041-20422-2,220.0,0.0,0.0,1.05382,PQ,,0,star of 2052-2041-20422-2,STAR,1.0,,,--,-6.6219
star:2204-2202-22021-1,380.0,0.0,0.0,1.0556,PQ,,0,star of 2204-2202-22021-1,STAR,1.0,,,--,-1.6798
star:2204-2202-22022-2,380.0,0.0,0.0,1.05519,PQ,,0,star of 2204-2202-22022-2,STAR,1.0,,,--,-1.5324
star:2522-2521-25221-1,220.0,0.0,0.0,1.10222,PQ,,0,star of 2522-2521-25221-1,STAR,1.0,,,--,-11.6122
star:2522-2521-25222-2,220.0,0.0,0.0,1.10236,PQ,,0,star of 2522-2521-25222-2,STAR,1.0,,,--,-11.6242
star:2562-2561-25621-1,220.0,0.0,0.0,1.0597,PQ,,0,star of 2562-2561-25621-1,STAR,1.0,,,--,-4.6466
star:2562-2571-25622-2,220.0,0.0,0.0,1.05753,PQ,,0,star of 2562-2571-25622-2,STAR,1.0,,,--,-5.7357
star:2563-2561-25624-4,220.0,0.0,0.0,1.05976,PQ,,0,star of 2563-2561-25624-4,STAR,1.0,,,--,-4.6349
star:2563-2571-25625-5,220.0,0.0,0.0,1.05762,PQ,,0,star of 2563-2571-25625-5,STAR,1.0,,,--,-5.7254
star:2742-2741-27421-1,220.0,0.0,0.0,1.05779,PQ,,0,star of 2742-2741-27421-1,STAR,1.0,,,--,0.1276
star:2742-2741-27422-2,220.0,0.0,0.0,1.05784,PQ,,0,star of 2742-2741-27422-2,STAR,1.0,,,--,0.1597
star:2842-2841-28421-1,220.0,0.0,0.0,1.04888,PQ,,0,star of 2842-2841-28421-1,STAR,1.0,,,--,-10.2916
star:3082-3081-30822-2,220.0,0.0,0.0,1.06732,PQ,,0,star of 3082-3081-30822-2,STAR,1.0,,,--,-6.9839
star:3082-3091-30824-4,220.0,0.0,0.0,1.05849,PQ,,0,star of 3082-3091-30824-4,STAR,1.0,,,--,-8.2159
star:3192-3191-31922-1,220.0,0.0,0.0,1.08942,PQ,,0,star of 3192-3191-31922-1,STAR,1.0,,,--,4.7701
star:3192-31911-31927-2,220.0,0.0,0.0,1.08942,PQ,,0,star of 3192-31911-31927-2,STAR,1.0,,,--,4.7701
star:3202-3201-32021-1,220.0,0.0,0.0,1.05977,PQ,,0,star of 3202-3201-32021-1,STAR,1.0,,,--,7.6771
star:3203-3209-32022-2,220.0,0.0,0.0,1.05977,PQ,,0,star of 3203-3209-32022-2,STAR,1.0,,,--,7.6714
star:3282-3281-32821-1,220.0,0.0,0.0,1.07126,PQ,,0,star of 3282-3281-32821-1,STAR,1.0,,,--,1.1724
star:3282-3281-32822-2,220.0,0.0,0.0,1.07122,PQ,,0,star of 3282-3281-32822-2,STAR,1.0,,,--,1.1723
star:3282-3281-32823-3,220.0,0.0,0.0,1.06851,PQ,,0,star of 3282-3281-32823-3,STAR,1.0,,,--,1.5277
star:3282-32810-32824-4,220.0,0.0,0.0,1.07267,PQ,,0,star of 3282-32810-32824-4,STAR,1.0,,,--,1.282
star:3332-3331-33321-1,220.0,0.0,0.0,1.05193,PQ,,0,star of 3332-3331-33321-1,STAR,1.0,,,--,6.1986
star:3332-3331-33323-3,220.0,0.0,0.0,1.05193,PQ,,0,star of 3332-3331-33323-3,STAR,1.0,,,--,6.1986
star:3342-3341-33421-1,220.0,0.0,0.0,1.0661,PQ,,0,star of 3342-3341-33421-1,STAR,1.0,,,--,-3.79
star:3342-3341-33422-2,220.0,0.0,0.0,1.06613,PQ,,0,star of 3342-3341-33422-2,STAR,1.0,,,--,-3.7905
star:3462-3461-34621-1,220.0,0.0,0.0,1.08542,PQ,,0,star of 3462-3461-34621-1,STAR,1.0,,,--,3.3179
star:3462-3461-34622-2,220.0,0.0,0.0,1.08542,PQ,,0,star of 3462-3461-34622-2,STAR,1.0,,,--,3.3179
star:3472-3471-34721-1,220.0,0.0,0.0,1.05793,PQ,,0,star of 3472-3471-34721-1,STAR,1.0,,,--,-6.6506
star:3472-3471-34722-2,220.0,0.0,0.0,1.05793,PQ,,0,star of 3472-3471-34722-2,STAR,1.0,,,--,-6.6506
star:3472-3471-34723-3,220.0,0.0,0.0,1.05793,PQ,,0,star of 3472-3471-34723-3,STAR,1.0,,,--,-6.6506
star:3472-3471-34724-4,220.0,0.0,0.0,1.05793,PQ,,0,star of 3472-3471-34724-4,STAR,1.0,,,--,-6.6506
star:3522-3521-35221-1,220.0,0.0,0.0,1.08537,PQ,,0,star of 3522-3521-35221-1,STAR,1.0,,,--,-10.0577
star:3522-3521-35223-3,220.0,0.0,0.0,1.08537,PQ,,0,star of 3522-3521-35223-3,STAR,1.0,,,--,-10.0562
star:3522-35211-35222-2,220.0,0.0,0.0,1.07149,PQ,,0,star of 3522-35211-35222-2,STAR,1.0,,,--,-9.7855
star:3522-35211-35224-4,220.0,0.0,0.0,1.06667,PQ,,0,star of 3522-35211-35224-4,STAR,1.0,,,--,-9.4972
star:3522-35231-35236-1,220.0,0.0,0.0,1.04957,PQ,,0,star of 3522-35231-35236-1,STAR,1.0,,,--,-7.1146
star:3522-35231-35238-3,220.0,0.0,0.0,1.04956,PQ,,0,star of 3522-35231-35238-3,STAR,1.0,,,--,-7.1134
star:3522-35232-35237-2,220.0,0.0,0.0,1.05136,PQ,,0,star of 3522-35232-35237-2,STAR,1.0,,,--,-7.2339
star:3642-3641-36421-1,220.0,0.0,0.0,1.06941,PQ,,0,star of 3642-3641-36421-1,STAR,1.0,,,--,-1.7475
star:3842-3851-38423-3,220.0,0.0,0.0,1.05408,PQ,,0,star of 3842-3851-38423-3,STAR,1.0,,,--,-6.7684
star:3842-3851-38424-4,220.0,0.0,0.0,1.05534,PQ,,0,star of 3842-3851-38424-4,STAR,1.0,,,--,-6.488
star:3852-3841-38421-1,220.0,0.0,0.0,1.05984,PQ,,0,star of 3852-3841-38421-1,STAR,1.0,,,--,-7.1227
star:3852-3841-38422-2,220.0,0.0,0.0,1.06008,PQ,,0,star of 3852-3841-38422-2,STAR,1.0,,,--,-6.867
star:3934-3942-39402-1,380.0,0.0,0.0,1.06793,PQ,,0,star of 3934-3942-39402-1,STAR,1.0,,,--,5.3299
star:3940-3941-39423-1,220.0,0.0,0.0,1.08558,PQ,,0,star of 3940-3941-39423-1,STAR,1.0,,,--,3.0163
star:3954-3942-39421-2,380.0,0.0,0.0,1.07982,PQ,,0,star of 3954-3942-39421-2,STAR,1.0,,,--,5.1629
star:4384-4382-43821-1,380.0,0.0,0.0,1.06333,PQ,,0,star of 4384-4382-43821-1,STAR,1.0,,,--,3.5156
star:4472-4461-44623-3,220.0,0.0,0.0,1.06699,PQ,,0,star of 4472-4461-44623-3,STAR,1.0,,,--,-8.0389
star:4472-4471-44624-4,220.0,0.0,0.0,1.06699,PQ,,0,star of 4472-4471-44624-4,STAR,1.0,,,--,-8.0679
star:4722-4721-47221-1,220.0,0.0,0.0,1.06455,PQ,,0,star of 4722-4721-47221-1,STAR,1.0,,,--,9.1271
star:4722-47210-47222-2,220.0,0.0,0.0,1.07477,PQ,,0,star of 4722-47210-47222-2,STAR,1.0,,,--,9.0889
star:4942-4941-49422-2,220.0,0.0,0.0,1.08273,PQ,,0,star of 4942-4941-49422-2,STAR,1.0,,,--,-0.2973
star:4943-4941-49421-1,220.0,0.0,0.0,1.08272,PQ,,0,star of 4943-4941-49421-1,STAR,1.0,,,--,-0.2995
star:5042-5041-50421-1,220.0,0.0,0.0,1.10999,PQ,,0,star of 5042-5041-50421-1,STAR,1.0,,,--,-13.3898
star:5142-51410-51422-2,220.0,0.0,0.0,1.0823,PQ,,0,star of 5142-51410-51422-2,STAR,1.0,,,--,4.5551
star:5464-5462-54621-1,380.0,0.0,0.0,1.08545,PQ,,0,star of 5464-5462-54621-1,STAR,1.0,,,--,-2.2158
star:5464-5462-54624-4,380.0,0.0,0.0,1.08545,PQ,,0,star of 5464-5462-54624-4,STAR,1.0,,,--,-2.2158
star:5464-54622-54623-2,380.0,0.0,0.0,1.06636,PQ,,0,star of 5464-54622-54623-2,STAR,1.0,,,--,-2.0475
star:30820-3081-30821-1,220.0,0.0,0.0,1.06732,PQ,,0,star of 30820-3081-30821-1,STAR,1.0,,,--,-6.9839
star:30820-3091-30826-3,220.0,0.0,0.0,1.05849,PQ,,0,star of 30820-3091-30826-3,STAR,1.0,,,--,-8.2159
star:70510-70520-70561-1,110.0,0.0,0.0,1.04854,PQ,,0,star of 70510-70520-70561-1,STAR,1.0,,,--,-4.9864
star:70510-70520-70562-1,110.0,0.0,0.0,1.04856,PQ,,0,star of 70510-70520-70562-1,STAR,1.0,,,--,-4.9935
star:74511-74520-74562-1,110.0,0.0,0.0,1.03924,PQ,,0,star of 74511-74520-74562-1,STAR,1.0,,,--,-10.746
star:74511-74520-74564-1,110.0,0.0,0.0,1.07804,PQ,,0,star of 74511-74520-74564-1,STAR,1.0,,,--,-11.0559
star:74512-74520-74563-1,110.0,0.0,0.0,1.04109,PQ,,0,star of 74512-74520-74563-1,STAR,1.0,,,--,-10.737
star:75510-75520-75561-1,110.0,0.0,0.0,1.0429,PQ,,0,star of 75510-75520-75561-1,STAR,1.0,,,--,-5.7365
star:75511-75520-75562-1,110.0,0.0,0.0,1.04279,PQ,,0,star of 75511-75520-75562-1,STAR,1.0,,,--,-5.6538
star:81010-81020-81061-1,110.0,0.0,0.0,1.05495,PQ,,0,star of 81010-81020-81061-1,STAR,1.0,,,--,-8.7772
star:81010-81020-81062-1,110.0,0.0,0.0,1.05514,PQ,,0,star of 81010-81020-81062-1,STAR,1.0,,,--,-8.8318
star:81011-81020-81063-1,110.0,0.0,0.0,1.05594,PQ,,0,star of 81011-81020-81063-1,STAR,1.0,,,--,-8.9487
star:81510-81520-81561-1,110.0,0.0,0.0,1.03044,PQ,,0,star of 81510-81520-81561-1,STAR,1.0,,,--,-6.5856
star:81510-81520-81562-1,110.0,0.0,0.0,1.03023,PQ,,0,star of 81510-81520-81562-1,STAR,1.0,,,--,-6.6612
star:90011-90020-90061-1,110.0,0.0,0.0,1.0204,PQ,,0,star of 90011-90020-90061-1,STAR,1.0,,,--,-9.6493
star:90011-90020-90062-1,110.0,0.0,0.0,1.0204,PQ,,0,star of 90011-90020-90062-1,STAR,1.0,,,--,-9.6493
star:90012-90020-90063-1,110.0,0.0,0.0,1.02138,PQ,,0,star of 90012-90020-90063-1,STAR,1.0,,,--,-9.8709
star:90310-90320-90361-1,110.0,0.0,0.0,1.04363,PQ,,0,star of 90310-90320-90361-1,STAR,1.0,,,--,-9.1982
star:90310-90320-90362-1,110.0,0.0,0.0,1.04355,PQ,,0,star of 90310-90320-90362-1,STAR,1.0,,,--,-9.1943
GB_EWIC,260.0,0.0,0.0,1.0,Slack,GB_EWIC import,2,EWIC far terminal,EWIC,3.0,,,XX,
GB_GREENLINK,150.0,0.0,0.0,1.0,Slack,GB_GREENLINK import,3,Greenlink far terminal,GREENLINK,3.0,,,XX,
